"","sample_id","raw_score","ips_score","RSI","daaset","Cluster"
"1","SS_INT_MI_0205",1.82534546884838,6,0.0231414000000028,"BD2","OPC1"
"2","SS_INT_MI_0203",1.14934284696589,4,-0.0876405999999973,"BD2","OPC3"
"3","SS_INT_MI_0015",1.59386634933866,5,0.134036200000003,"BD2","OPC1"
"4","SS_INT_0226",1.29043752795069,4,-0.0966327999999973,"BD2","OPC3"
"5","SS_INT_0330",1.27577908324207,4,0.271114000000003,"BD2","OPC3"
"6","SS_INT_MI_0027",1.39120583975882,5,0.0655217000000024,"BD2","OPC1"
"7","SS_INT_0025",0.871496857687026,3,-0.056225599999999,"BD2","OPC3"
"8","SS_INT_MI_0053",1.15416322643184,4,0.171184000000003,"BD2","OPC1"
"9","SS_INT_MI_0066",0.803067651027456,3,0.0801118000000022,"BD2","OPC3"
"10","SS_INT_MI_0011",1.0829229186368,4,0.0539764000000027,"BD2","OPC1"
"11","SS_INT_0021",1.67866701732571,6,0.0198382000000027,"BD2","OPC1"
"12","SS_INT_MI_0072",1.5682492986101,5,-0.0431867999999973,"BD2","OPC1"
"13","SS_INT_0332",1.31467119319569,4,0.134258500000002,"BD2","OPC1"
"14","SS_INT_MI_0048",1.31643509160129,4,-0.0652329999999973,"BD2","OPC1"
"15","SS_INT_0046",1.40626619418558,5,0.124576200000003,"BD2","OPC1"
"16","SS_INT_MI_0070",1.7819570045277,6,0.0462824000000027,"BD2","OPC3"
"17","SS_INT_MI_0096",1.42053376549155,5,0.110973000000003,"BD2","OPC3"
"18","SS_INT_0082",1.87996772465491,6,-0.000357799999997278,"BD2","OPC1"
"19","SS_INT_MI_0110",1.03826363129493,3,0.302177600000003,"BD2","OPC1"
"20","SS_INT_0378",1.00096886917746,3,0.112271200000003,"BD2","OPC2"
"21","SS_INT_MI_0140",1.28651538891391,4,0.0451338000000015,"BD2","OPC3"
"22","SS_INT_0501",0.846268771619462,3,-0.117965399999998,"BD2","OPC3"
"23","SS_VUMC_OP_518",1.45185114874848,5,0.461952600000003,"BD2","OPC2"
"24","SS_INT_MI_0222",1.15146742944086,4,-0.0172693999999973,"BD2","OPC1"
"25","SS_INT_MI_0159",0.915244592807956,3,-0.00826159999999728,"BD2","OPC3"
"26","SS_INT_MI_0195",0.940905612576593,3,-0.101993299999999,"BD2","OPC3"
"27","SS_INT_MI_0209",0.409033760798951,1,-0.0889125999999991,"BD2","OPC3"
"28","SS_INT_MI_0189",1.34126081777668,4,0.0871015000000025,"BD2","OPC3"
"29","SS_INT_MI_0208",1.44797127530516,5,0.0463232000000028,"BD2","OPC3"
"30","SS_INT_MI_0206",1.29883725225561,4,0.00798140000000152,"BD2","OPC1"
"31","SS_INT_MI_0204",0.798337905359023,3,0.0158615000000012,"BD2","OPC3"
"32","SS_INT_0102",1.34149034173026,4,0.154527600000003,"BD2","OPC1"
"33","SS_UDUS10",1.11255181202659,4,0.288429700000002,"BD2","OPC3"
"34","SS_UDUS44",0.858562883669115,3,-0.0580237999999978,"BD2","OPC2"
"35","SS_UDUS32",0.758913056586294,3,-0.0448367999999973,"BD2","OPC3"
"36","SS_UDUS31",0.998203709245089,3,-0.0353222999999976,"BD2","OPC2"
"37","SS_INT_0028",1.67946130258122,6,-0.00335639999999728,"BD2","OPC1"
"38","SS_INT_0115",1.67589833218376,6,0.108398600000003,"BD2","OPC1"
"39","SS_INT_0177",1.51842483348912,5,-0.00091789999999756,"BD2","OPC3"
"40","SS_INT_0169",1.67863782309333,6,-0.0799873999999973,"BD2","OPC1"
"41","SS_153",0.909481685333868,3,0.0248217000000018,"BD2","OPC2"
"42","SS_INT_0030",1.61162601114103,5,-0.0669081999999973,"BD2","OPC1"
"43","SS_INT_0023",1.19434687077221,4,-0.196809599999997,"BD2","OPC1"
"44","SS_INT_0299",1.50007110448531,5,-0.0399708999999975,"BD2","OPC3"
"45","SS_INT_0149",2.11737404413402,7,0.0308510000000028,"BD2","OPC1"
"46","SS_UDUS52",1.34956237795305,4,-0.0809409999999973,"BD2","OPC2"
"47","SS_UDUS46",0.984834478443483,3,-0.0854289999999973,"BD2","OPC2"
"48","SS_UDUS19",0.498111236302771,2,0.251170100000003,"BD2","OPC2"
"49","SS_UDUS36",0.818195849248159,3,0.305932100000002,"BD2","OPC2"
"50","SS_UDUS9",0.723493630401513,2,0.0214965000000019,"BD2","OPC3"
"51","SS_UDUS50",1.05000282817258,4,-0.0799873999999973,"BD2","OPC1"
"52","SS_UDUS79",1.17220269413071,4,0.111328000000003,"BD2","OPC3"
"53","SS_UDUS47",1.46526208362126,5,0.150988000000003,"BD2","OPC1"
"54","SS_UDUS7",0.858572935007939,3,0.0161234000000022,"BD2","OPC3"
"55","SS_UDUS28",1.42788843680763,5,-0.0135431999999973,"BD2","OPC3"
"56","SS_UDUS85",0.992185539713528,3,-0.0523300999999982,"BD2","OPC2"
"57","SS_UDUS12",0.935364682161258,3,0.00294220000000271,"BD2","OPC3"
"58","SS_UDUS60",0.939749509239577,3,-0.0196647999999979,"BD2","OPC2"
"59","SS_UDUS82",1.11233959162026,4,0.466487200000003,"BD2","OPC2"
"60","SS_UDUS72",1.33564833557712,4,-0.0207791999999973,"BD2","OPC1"
"61","SS_INT_0249",1.51526923734847,5,0.302513800000003,"BD2","OPC2"
"62","SS_UDUS114",1.09923817356919,4,0.133415000000003,"BD2","OPC2"
"63","SS_INT_0081",1.45317764337198,5,-0.109521599999998,"BD2","OPC1"
"64","SS_MAASTRO_5473",1.63773858582838,5,0.0894976000000028,"BD2","OPC3"
"65","SS_MAASTRO_4803",1.20008544998597,4,0.113780600000003,"BD2","OPC1"
"66","SS_MAASTRO_6938",0.978602668796056,3,0.359865400000003,"BD2","OPC2"
"67","SS_MAASTRO_2500",1.1917286769523,4,0.0367978000000028,"BD2","OPC2"
"68","SS_MAASTRO_4904",1.48409949835357,5,-0.0822145999999973,"BD2","OPC1"
"69","SS_MAASTRO_9926",1.25966566189749,4,0.0337804000000027,"BD2","OPC3"
"70","SS_MAASTRO_6085",1.36318056789782,5,0.00814740000000216,"BD2","OPC1"
"71","SS_UDUS13",1.35202288117496,5,-0.0540699999999973,"BD2","OPC1"
"72","SS_UDUS14",1.44613647372945,5,0.0789371000000024,"BD2","OPC2"
"73","SS_UDUS35",1.32487197552653,4,0.0892975000000024,"BD2","OPC2"
"74","SS_UDUS57",1.04162983677457,3,0.119924400000003,"BD2","OPC3"
"75","SS_UDUS75",1.2820381552228,4,0.0691579000000024,"BD2","OPC3"
"76","SS_UDUS98",1.46041613440006,5,0.0539764000000027,"BD2","OPC3"
"77","SS_UDUS111",1.04100235984769,3,0.144618800000003,"BD2","OPC3"
"78","SS_MAASTRO_5546",0.984833705074576,3,0.380061400000003,"BD2","OPC2"
"79","SS_MAASTRO_3626",1.20989136274183,4,0.111719200000003,"BD2","OPC2"
"80","SS_MAASTRO_6611",1.46473466830875,5,0.0171350000000027,"BD2","OPC1"
"81","SS_MAASTRO_2276",1.5005929630161,5,0.0225766000000027,"BD2","OPC1"
"82","SS_MAASTRO_9835",1.36114815514013,5,0.0691579000000024,"BD2","OPC2"
"83","SS_MAASTRO_8008",1.03835079992543,3,-0.0210886999999976,"BD2","OPC1"
"84","SS_INT_0010",1.61156704339194,5,-0.0213407999999973,"BD2","OPC1"
"85","SS_INT_0239",0.821682423220229,3,0.185072000000002,"BD2","OPC3"
"86","SS_INT_0161",2.02546321537225,7,0.0308510000000028,"BD2","OPC3"
"87","SS_INT_0150",1.24360852173439,4,-0.130409299999998,"BD2","OPC1"
"88","SS_INT_0054",1.0799234349134,4,0.0358515000000025,"BD2","OPC3"
"89","SS_INT_0257",1.31860589273571,4,0.0754706000000027,"BD2","OPC3"
"90","SS_INT_0019",1.09642987737905,4,-0.0267823999999973,"BD2","OPC2"
"91","SS_INT_0232",0.810620505954824,3,0.0793798000000022,"BD2","OPC3"
"92","SS_INT_0265",1.38405812869306,5,0.118165100000002,"BD2","OPC3"
"93","SS_INT_0133",1.44783110483302,5,-0.0303485999999973,"BD2","OPC2"
"94","SS_INT_0245",0.601551240130111,2,0.00294220000000271,"BD2","OPC3"
"95","SS_INT_0213",1.17511830411878,4,-0.0387724999999975,"BD2","OPC3"
"96","SS_INT_0004",1.76692094702408,6,-0.0409907999999973,"BD2","OPC3"
"97","SS_INT_0163",1.46645606943505,5,0.0797845000000024,"BD2","OPC3"
"98","SS_INT_0268",1.40678333669415,5,0.0460890000000022,"BD2","OPC1"
"99","SS_INT_0256",1.14015398724447,4,-0.0874544999999975,"BD2","OPC3"
"100","SS_INT_0250",1.32587952894596,4,0.0775981000000024,"BD2","OPC1"
"101","SS_INT_0263",1.2112008463338,4,0.0225766000000027,"BD2","OPC3"
"102","SS_INT_0109",1.21453618445234,4,0.0227879000000024,"BD2","OPC3"
"103","SS_INT_0078",1.03614060523369,3,-0.0836209999999973,"BD2","OPC1"
"104","SS_MAASTRO_382",0.492885393598141,2,-0.00102719999999784,"BD2","OPC1"
"105","SS_MAASTRO_2137",0.730030053696845,2,0.109509100000002,"BD2","OPC3"
"106","SS_MAASTRO_3290",1.38058664232925,5,0.00876400000000279,"BD2","OPC1"
"107","SS_MAASTRO_3005",1.02096805788085,3,-0.187817399999997,"BD2","OPC1"
"108","SS_MAASTRO_2117",0.955160047342831,3,-0.0854289999999973,"BD2","OPC1"
"109","SS_MAASTRO_9131",0.793258111577135,3,-0.0557043999999973,"BD2","OPC1"
"110","SS_MAASTRO_1836",0.999147550374605,3,0.131128200000003,"BD2","OPC2"
"111","SS_MAASTRO_7020",1.40725936874114,5,-0.0267823999999973,"BD2","OPC3"
"112","SS_MAASTRO_3310",1.40676949229879,5,0.0599388000000027,"BD2","OPC3"
"113","SS_MAASTRO_6617",1.23874948715782,4,0.119965200000003,"BD2","OPC3"
"114","SS_INT_0262",1.28721934433609,4,-0.158571099999998,"BD2","OPC1"
"115","SS_INT_0012",0.755482997742919,3,-0.0284731999999973,"BD2","OPC3"
"116","SS_INT_0029",0.893250251118454,3,0.0574862000000027,"BD2","OPC3"
"117","SS_INT_0220",1.69760055760582,6,0.295034200000003,"BD2","OPC1"
"118","SS_INT_0074",1.46177228145724,5,0.0694926000000027,"BD2","OPC3"
"119","SS_INT_0003",1.29910394770721,4,0.274222800000002,"BD2","OPC3"
"120","SS_INT_0187",1.33809061493721,4,0.112271200000003,"BD2","OPC1"
"121","SS_MAASTRO_8869",1.00012036384598,3,0.127238600000002,"BD2","OPC1"
"122","SS_MAASTRO_6848",1.1870795386112,4,0.318106700000002,"BD2","OPC3"
"123","SS_MAASTRO_3686",0.506141840588561,2,0.414256800000002,"BD2","OPC2"
"124","SS_VUMC_OP_4691",1.1937190094866,4,-0.0233254999999975,"BD2","OPC1"
"125","SS_MAASTRO_8243",1.22458124061354,4,-0.0270879999999978,"BD2","OPC1"
"126","SS_MAASTRO_1097",1.88264312608629,6,0.0225766000000027,"BD2","OPC3"
"127","SS_MAASTRO_9484",1.02056232268472,3,0.00998320000000153,"BD2","OPC3"
"128","SS_VUMC_OP_",1.09569569440856,4,-0.0101369999999973,"BD2","OPC3"
"129","SS_VUMC_OP_4556",0.875705096997541,3,-0.0633983999999973,"BD2","OPC1"
"130","SS_VUMC_OP_412",1.20357286068897,4,0.543216600000003,"BD2","OPC2"
"131","SS_VUMC_OP_2220",1.45809867302268,5,0.0329183000000013,"BD2","OPC2"
"132","SS_VUMC_OP_1693",1.14226858101776,4,0.201615400000003,"BD2","OPC3"
"133","SS_VUMC_OP_4935",0.989456563346502,3,0.0964299000000024,"BD2","OPC3"
"134","SS_VUMC_OP_4346",1.2727772997776,4,0.144618800000003,"BD2","OPC3"
"135","SS_VUMC_OP_592",0.735595497455842,2,0.203996000000003,"BD2","OPC2"
"136","SS_VUMC_OP_7466",1.05274304915889,4,-0.147281699999998,"BD2","OPC3"
"137","SS_VUMC_OP_924",1.73029564811634,6,0.0755867000000024,"BD2","OPC1"
"138","SS_VUMC_OP_9633",1.48743484732286,5,-0.168724399999999,"BD2","OPC1"
"139","SS_VUMC_OP_234",2.29578610446911,8,-0.0182751999999991,"BD2","OPC1"
"140","SS_VUMC_OP_5037",1.55909529173508,5,-0.0793170999999981,"BD2","OPC1"
"141","SS_VUMC_OP_4535",1.59000408599835,5,-0.0243453999999973,"BD2","OPC3"
"142","SS_VUMC_OP_5345",1.23895563811889,4,0.0672402000000027,"BD2","OPC3"
"143","SS_VUMC_OP_5024",1.09149760809015,4,0.0964299000000024,"BD2","OPC3"
"144","SS_VUMC_OP_7373",1.45552563060991,5,0.00294220000000271,"BD2","OPC3"
"145","SS_INT_0421",0.846803901836728,3,0.0171350000000027,"BD2","OPC3"
"146","SS_MAASTRO_5127",0.970011044431915,3,0.348976900000002,"BD2","OPC1"
"147","SS_INT_0375",1.21374155684332,4,0.177482600000003,"BD2","OPC2"
"148","SS_VUMC_OP_3134",1.63205702361396,5,0.150319300000002,"BD2","OPC1"
"149","SS_VUMC_OP_9077",1.76217217803811,6,0.110636800000003,"BD2","OPC1"
"150","SS_VUMC_OP_6689",1.09526749226627,4,0.0852581000000018,"BD2","OPC1"
"151","SS_VUMC_OP_6111",0.613470278392071,2,0.380020900000002,"BD2","OPC1"
"152","SS_VUMC_OP_159",0.992910706220954,3,-0.182767699999999,"BD2","OPC1"
"153","SS_VUMC_OP_4069",1.39138099043781,5,0.00886610000000185,"BD2","OPC1"
"154","SS_VUMC_OP_7250",1.42225609055631,5,0.0170985000000018,"BD2","OPC1"
"155","SS_VUMC_OP_1177",1.1041232370639,4,0.00728810000000185,"BD2","OPC3"
"156","SS_VUMC_OP_4687",1.18933041378065,4,0.0605747000000018,"BD2","OPC2"
"157","SS_VUMC_OP_8143",1.04075513177686,3,0.0926524000000027,"BD2","OPC3"
"158","SS_VUMC_OP_775",1.22993597061868,4,-0.0691828999999982,"BD2","OPC1"
"159","SS_VUMC_OP_9154",0.863088564211015,3,0.0480418000000015,"BD2","OPC1"
"160","SS_VUMC_OP_7942",1.15538990995924,4,-0.0711044999999976,"BD2","OPC1"
"161","SS_VUMC_OP_4610",1.72426454180066,6,0.243564500000002,"BD2","OPC1"
"162","SS_VUMC_OP_8564",1.69212803475374,6,-0.0243453999999973,"BD2","OPC2"
"163","SS_VUMC_OP_6933",1.22301581236849,4,-0.0400393999999978,"BD2","OPC3"
"164","SS_VUMC_OP_394",1.92471066016162,6,-0.0472737999999973,"BD2","OPC1"
"165","SS_VUMC_OP_6186",0.679333556397263,2,-0.0155294999999982,"BD2","OPC3"
"166","SS_MAASTRO_2927",0.970268927544441,3,0.0351194000000027,"BD2","OPC3"
"167","SS_MAASTRO_5588",0.690517288662403,2,0.0674106000000027,"BD2","OPC1"
"168","SS_MAASTRO_8664",1.62529638840933,5,-0.0687835999999973,"BD2","OPC1"
"169","SS_MAASTRO_588",0.94481374499269,3,-0.0472737999999973,"BD2","OPC3"
"170","SS_MAASTRO_7205",1.34496015769727,4,-0.186520799999998,"BD2","OPC1"
"171","SS_MAASTRO_1750",2.8268313128174,9,0.179994800000003,"BD2","OPC1"
"172","SS_MAASTRO_9171",1.8342065824316,6,0.510243500000003,"BD2","OPC3"
"173","SS_MAASTRO_4864",1.738032922053,6,0.0120520000000022,"BD2","OPC3"
"174","SS_MAASTRO_29",1.58643995796905,5,0.223368500000002,"BD2","OPC1"
"175","SS_MAASTRO_9580",1.05764433565894,4,0.109549900000002,"BD2","OPC3"
"176","SS_MAASTRO_1618",0.917781464053258,3,0.201675000000003,"BD2","OPC1"
"177","SS_MAASTRO_9627",1.85570240815475,6,0.0629686000000028,"BD2","OPC1"
"178","SS_INT_MI_0018",1.31862316561395,4,0.00562020000000271,"BD2","OPC2"
"179","SS_INT_0063",1.62103354036716,5,-0.0562659999999973,"BD2","OPC3"
"180","SS_INT_0435",1.41409482581231,5,0.0871015000000025,"BD2","OPC3"
"181","SS_MAASTRO_8050",0.867436704148297,3,0.149112600000003,"BD2","OPC3"
"182","SS_INT_0175",1.56195769136927,5,0.0341658000000027,"BD2","OPC1"
"183","SS_INT_0170",1.79595151962885,6,0.285868400000003,"BD2","OPC3"
"184","SS_INT_0242",1.530622889809,5,0.0337804000000027,"BD2","OPC1"
"185","SS_UDUS117",1.7767523536329,6,0.111328000000003,"BD2","OPC1"
"186","SS_MAASTRO_3171",1.5544436456172,5,0.00593120000000275,"BD2","OPC1"
"187","SS_UDUS121",1.97180788498154,7,0.164793400000003,"BD2","OPC1"
"188","SS_UDUS123",1.78272454945772,6,-0.0101369999999973,"BD2","OPC1"
"189","SS_UDUS124",1.06598008194534,4,0.0192781000000025,"BD2","OPC3"
"190","SS_UDUS126",1.15174812621148,4,0.308778300000003,"BD2","OPC3"
"191","SS_UDUS130",1.16181930204075,4,-0.0687223999999978,"BD2","OPC2"
"192","SS_UDUS149",1.6521404473599,6,-0.0358445999999973,"BD2","OPC1"
"193","SS_UDUS161",1.92704468926695,6,0.258790000000002,"BD2","OPC1"
"194","SS_UDUS162",1.20222520860119,4,0.0281774000000015,"BD2","OPC1"
"195","SS_UDUS163",0.690785973268611,2,-0.0372890999999988,"BD2","OPC2"
"196","SS_VUMC_OP_1651",1.6388537140573,5,-0.0431867999999973,"BD2","OPC1"
"197","SS_VUMC_OP_8155",0.857465422489663,3,0.136514100000002,"BD2","OPC2"
"198","SS_VUMC_OP_9259",1.27440293943229,4,-0.110948999999998,"BD2","OPC3"
"199","SS_VUMC_OP_6145",0.650016718146915,2,0.272204600000002,"BD2","OPC2"
"200","SS_VUMC_OP_6371",1.29942372574151,4,-0.0924281999999979,"BD2","OPC1"
"201","SS_VUMC_OP_6735",1.20873480812274,4,0.0313562000000028,"BD2","OPC1"
"202","SS_VUMC_OP_2069",1.70750110132283,6,-0.0200017999999973,"BD2","OPC1"
"203","SS_VUMC_OP_9036",1.00715029325558,3,-0.192597999999998,"BD2","OPC3"
"204","SS_VUMC_OP_3221",1.62700894465385,5,0.0120944000000027,"BD2","OPC1"
"205","SS_VUMC_OP_6895",1.73644437540108,6,-0.0562659999999973,"BD2","OPC1"
"206","SS_VUMC_OP_6471",1.62853182185173,5,-0.0505037999999973,"BD2","OPC1"
"207","SS_VUMC_OP_4615",1.1756694926622,4,0.167051100000001,"BD2","OPC2"
"208","SS_INT_0347",1.5942213812408,5,-0.116953699999998,"BD2","OPC1"
"209","SS_INT_0033",1.61237219422462,5,0.0995758000000021,"BD2","OPC3"
"210","SS_MAASTRO_8873",0.00104450009968637,0,0.280106200000003,"BD2","OPC1"
"211","SS_INT_0305",1.4258376237244,5,0.197342400000003,"BD2","OPC2"
"212","SS_MAASTRO_3831",0.823385962154945,3,-0.0746691999999978,"BD2","OPC1"
"213","SS_UDUS118",1.22629453218196,4,0.119924400000003,"BD2","OPC1"
"214","SS_MAASTRO_3190",1.41824973742709,5,0.0573084000000022,"BD2","OPC3"
"215","SS_MAASTRO_4749",0.968968039898708,3,0.0997128000000027,"BD2","OPC3"
"216","SS_MAASTRO_9564",1.89400060001424,6,0.00798140000000152,"BD2","OPC1"
"217","SS_MAASTRO_5054",2.13641511383688,7,-0.138793899999999,"BD2","OPC1"
"218","SS_MAASTRO_5978",0.815049810261621,3,0.607700600000003,"BD2","OPC2"
"219","SS_MAASTRO_7174",1.16693106230382,4,0.203490800000003,"BD2","OPC2"
"220","SS_MAASTRO_8625",1.50162595943879,5,-0.0415523999999973,"BD2","OPC3"
"221","SS_MAASTRO_5855",2.19407951653559,7,-0.0756890999999976,"BD2","OPC1"
"222","SS_MAASTRO_6952",1.32995919092997,4,0.00593120000000275,"BD2","OPC3"
"223","SS_VUMC_OP_7410",1.57369869398664,5,0.219350000000002,"BD2","OPC1"
"224","SS_VUMC_OP_7702",1.04311745794719,3,-0.0505037999999973,"BD2","OPC3"
"225","SS_VUMC_OP_3110",1.38220808500219,5,0.00432200000000272,"BD2","OPC1"
"226","SS_INT_0196",1.3038720200728,4,-0.0876405999999973,"BD2","OPC1"
"227","SS_INT_0323",1.08906040090668,4,0.114482800000003,"BD2","OPC3"
"228","SS_INT_0315",1.06129813526751,4,-0.137068099999998,"BD2","OPC1"
"229","SS_INT_0307",1.43420934075962,5,-0.140583599999998,"BD2","OPC3"
"230","SS_VUMC_OP_3149",0.931440309416997,3,0.0967238000000027,"BD2","OPC3"
"231","SS_VUMC_OP_1062",0.837518204545832,3,0.0505278000000021,"BD2","OPC2"
"232","SS_VUMC_OP_3100",1.69147170987693,6,0.0667529000000018,"BD2","OPC1"
"233","SS_VUMC_OP_2899",1.26439970983799,4,0.105001800000002,"BD2","OPC2"
"234","SS_VUMC_OP_5712",1.78602996247028,6,0.103856200000003,"BD2","OPC1"
"235","SS_VUMC_OP_7387",0.766296862988604,3,0.0855200000000027,"BD2","OPC2"
"236","SS_VUMC_OP_8182",1.11458286851057,4,0.110636800000003,"BD2","OPC1"
"237","SS_VUMC_OP_3103",0.88693994000281,3,-0.0207791999999973,"BD2","OPC3"
"238","SS_VUMC_OP_9957",1.48319030941637,5,0.0226786000000022,"BD2","OPC1"
"239","SS_VUMC_OP_264",1.0498242287878,3,-0.0177410999999982,"BD2","OPC3"
"240","SS_INT_0292",1.86460265532392,6,-0.189733599999997,"BD2","OPC1"
"241","SS_INT_0297",1.42033993026413,5,0.0171350000000027,"BD2","OPC3"
"242","SS_INT_0296",1.36463180038899,5,0.188350200000003,"BD2","OPC2"
"243","SS_INT_0154",0.984265549674462,3,0.125039400000003,"BD2","OPC1"
"244","SS_INT_0300",1.13346957630629,4,-0.0143332999999975,"BD2","OPC1"
"245","SS_INT_0291",1.21769466631229,4,0.151324200000003,"BD2","OPC3"
"246","SS_INT_0312",2.03705126650459,7,-0.0200017999999973,"BD2","OPC3"
"247","SS_MAASTRO_411",1.15083910385649,4,0.134678800000003,"BD2","OPC1"
"248","SS_INT_0460",1.9772490019101,7,0.00928840000000216,"BD2","OPC1"
"249","SS_VUMC_OP_8325",0.558439032818452,2,0.131128200000003,"BD2","OPC2"
"250","SS_VUMC_OP_7756",0.953272401181702,3,0.0301792000000015,"BD2","OPC1"
"251","SS_VUMC_OP_707",1.16661586485393,4,0.151324200000003,"BD2","OPC3"
"252","SS_VUMC_OP_6402",0.920541554378446,3,-0.0284731999999973,"BD2","OPC2"
"253","SS_VUMC_OP_702",1.78010652171906,6,0.0830145000000024,"BD2","OPC1"
"254","SS_VUMC_OP_1122",1.29683752522797,4,-0.0669081999999973,"BD2","OPC1"
"255","SS_VUMC_OP_6197",1.86517528856401,6,0.161172800000002,"BD2","OPC1"
"256","SS_VUMC_OP_6390",0.752669952357927,3,0.158840000000003,"BD2","OPC2"
"257","SS_VUMC_OP_6756",1.96061422472867,7,-0.0213407999999973,"BD2","OPC1"
"258","SS_VUMC_OP_3931",0.951079800101229,3,-0.0101369999999973,"BD2","OPC1"
"259","SS_VUMC_OP_6273",1.21770296441199,4,0.0464618000000027,"BD2","OPC1"
"260","SS_VUMC_OP_3209",0.802770567586283,3,-0.000623999999997295,"BD2","OPC3"
"261","SS_VUMC_OP_9573",1.12874063677327,4,0.159397900000001,"BD2","OPC2"
"262","SS_VUMC_OP_604",1.25108632672443,4,0.00263270000000246,"BD2","OPC2"
"263","SS_VUMC_OP_9555",1.9976887607753,7,0.128916600000003,"BD2","OPC2"
"264","SS_VUMC_OP_1817",1.31045716644588,4,0.0762747000000024,"BD2","OPC3"
"265","SS_VUMC_OP_6266",1.45252468257651,5,-0.0577240999999988,"BD2","OPC1"
"266","SS_INT_0412",0.973839982318371,3,0.0169572000000022,"BD2","OPC3"
"267","SS_INT_MI_0223",1.53532763443902,5,0.0483147000000025,"BD2","OPC2"
"268","SS_VUMC_OP_2720",1.59756118335049,5,-0.0467529999999973,"BD2","OPC1"
"269","SS_MAASTRO_1336",1.26028656894121,4,-0.0107542999999975,"BD2","OPC3"
"270","SS_MAASTRO_9595",0.863556042348729,3,-0.0149081999999985,"BD2","OPC3"
"271","SS_MAASTRO_4064",1.0905619307907,4,-0.0338583999999973,"BD2","OPC3"
"272","SS_INT_0279",1.19639413516176,4,-0.0467529999999973,"BD2","OPC1"
"273","SS_UL0001",0.812553410485221,3,0.0141231000000018,"BD2","OPC2"
"274","SS_UL0002",1.72829361719231,6,-0.0267823999999973,"BD2","OPC1"
"275","SS_UL0005",2.12098274631407,7,-0.0562659999999973,"BD2","OPC1"
"276","SS_UL0010",2.11125567959301,7,0.141684800000003,"BD2","OPC1"
"277","SS_UL0011",1.14294831410089,4,0.0230818000000027,"BD2","OPC3"
"278","SS_UL0012",1.48614873748595,5,-0.0592705999999973,"BD2","OPC3"
"279","SS_UL0014",1.46497049209609,5,0.0337804000000027,"BD2","OPC1"
"280","SS_UL0017",1.53946966274226,5,0.137131400000003,"BD2","OPC1"
"281","SS_UL0018",1.17588611681457,4,0.0187150000000027,"BD2","OPC1"
"282","SS_VUMC_OP_3558",1.06335875300677,4,0.119965200000003,"BD2","OPC1"
"283","SS_INT_0520",1.54483751220312,5,0.123406500000002,"BD2","OPC1"
"284","SS_INT_0320",1.48856074520889,5,0.111719200000003,"BD2","OPC3"
"285","SS_SBA0037",1.22065979424052,4,0.0574497000000018,"BD2","OPC3"
"286","SS_SBA_0007",0.728493819108169,2,0.0426633000000024,"BD2","OPC2"
"287","GSM966745",1.25234734206921,4,0.00655240000000277,"metanalysis","OPC2"
"288","GSM966763",0.315265430785425,1,-0.00756449999999878,"metanalysis","OPC2"
"289","GSM966770",1.41380614126599,5,-0.0136623999999973,"metanalysis","OPC1"
"290","GSM966778",1.44165523085448,5,-0.0584931999999973,"metanalysis","OPC3"
"291","GSM966782",1.202650716365,4,0.0618477000000018,"metanalysis","OPC2"
"292","GSM966785",1.7271533280771,6,-0.0832790999999982,"metanalysis","OPC3"
"293","GSM966786",1.29383159772663,4,-0.180741399999997,"metanalysis","OPC1"
"294","GSM966791",1.9285185751994,6,-0.0639191999999973,"metanalysis","OPC3"
"295","GSM966796",1.19282938635498,4,-0.100375299999998,"metanalysis","OPC3"
"296","GSM966797",0.584099532975164,2,-0.0373209999999985,"metanalysis","OPC3"
"297","GSM966798",1.53315254602808,5,0.0619146000000028,"metanalysis","OPC1"
"298","GSM966807",1.42436425655112,5,0.142784300000002,"metanalysis","OPC2"
"299","GSM966818",0.615415474715074,2,0.145477900000002,"metanalysis","OPC2"
"300","GSM966852",1.81413903817116,6,-0.0172693999999973,"metanalysis","OPC3"
"301","GSM1607684",1.82435631881894,6,0.0398432000000028,"metanalysis","OPC1"
"302","GSM1607685",2.22068654584548,7,-0.0871197999999973,"metanalysis","OPC1"
"303","GSM1607686",0.168706741623208,1,0.0711196000000022,"metanalysis","OPC1"
"304","GSM1607687",0.169951069399159,1,-0.0317560999999976,"metanalysis","OPC3"
"305","GSM1607688",2.02575183940717,7,-0.0155294999999982,"metanalysis","OPC3"
"306","GSM1607697",1.69460496503885,6,0.107802600000003,"metanalysis","OPC1"
"307","GSM1607702",1.47022519368275,5,-0.264540299999998,"metanalysis","OPC1"
"308","GSM1607704",1.20114419688921,4,0.0841051000000019,"metanalysis","OPC3"
"309","GSM1607705",0.846180332778,3,-0.0152020999999988,"metanalysis","OPC2"
"310","GSM1607706",1.52519537548981,5,-0.0533133999999973,"metanalysis","OPC1"
"311","GSM1607707",1.47994183651956,5,0.0497645000000024,"metanalysis","OPC3"
"312","GSM1607708",1.92625587598881,6,0.0629686000000028,"metanalysis","OPC2"
"313","GSM1607709",0.572660349455701,2,0.480143200000001,"metanalysis","OPC2"
"314","GSM1607710",1.48039349552837,5,0.0926524000000027,"metanalysis","OPC2"
"315","GSM1607711",1.25975191541644,4,-0.0224291999999973,"metanalysis","OPC1"
"316","GSM1607712",0.297960988067228,1,0.198681000000001,"metanalysis","OPC3"
"317","GSM1607713",2.17871026763833,7,0.108398600000003,"metanalysis","OPC3"
"318","GSM1607714",0.728172310169644,2,0.230974100000002,"metanalysis","OPC2"
"319","GSM1607715",1.90642653933307,6,-0.0614806999999976,"metanalysis","OPC3"
"320","GSM1607716",1.39366633918453,5,0.0836513000000025,"metanalysis","OPC1"
"321","GSM1607717",1.18578393265793,4,0.0323150000000027,"metanalysis","OPC3"
"322","GSM1607718",1.16168057782478,4,0.177350300000002,"metanalysis","OPC1"
"323","GSM1607719",1.56565855630105,5,0.113780600000003,"metanalysis","OPC1"
"324","GSM1607720",1.76860724762318,6,-0.0954840999999976,"metanalysis","OPC3"
"325","GSM1607721",1.20918686689769,4,0.119924400000003,"metanalysis","OPC1"
"326","GSM1607722",1.49919812467074,5,0.131128200000003,"metanalysis","OPC2"
"327","GSM1607765",1.38203813833233,5,-0.0799873999999973,"metanalysis","OPC1"
"328","GSM1607771",1.73513194815049,6,-0.187817399999997,"metanalysis","OPC1"
"329","GSM1607772",1.39726085114132,5,0.114345400000003,"metanalysis","OPC1"
"330","GSM1607783",1.38678995055295,5,0.0276916000000027,"metanalysis","OPC3"
"331","GSM1607796",0.829402809991559,3,0.429913500000002,"metanalysis","OPC1"
"332","GSM1607800",1.02470267175869,3,-0.338007799999999,"metanalysis","OPC3"
"333","GSM1607817",1.85566408533906,6,-0.0399708999999975,"metanalysis","OPC1"
"334","GSM1607821",1.13010875666532,4,0.0390286000000022,"metanalysis","OPC3"
"335","GSM1607822",1.8809379573149,6,0.141093400000003,"metanalysis","OPC1"
"336","GSM1607834",1.71863954481373,6,-0.103874499999998,"metanalysis","OPC1"
"337","GSM1607838",1.59271104850523,5,0.00294220000000271,"metanalysis","OPC2"
"338","GSM1607858",1.89567627288443,6,0.0959076000000027,"metanalysis","OPC2"
"339","GSM1607868",1.22097767767805,4,0.183690600000003,"metanalysis","OPC3"
"340","GSM1607870",1.01212410161638,3,0.0232558000000022,"metanalysis","OPC3"
"341","GSM1607876",0.965969848351992,3,-0.00399829999999878,"metanalysis","OPC3"
"342","GSM1607877",0.824874396376294,3,-0.00770729999999815,"metanalysis","OPC3"
"343","GSM1607878",1.68826239839625,6,0.108269000000003,"metanalysis","OPC1"
"344","GSM1607880",0.922056764057805,3,-0.165385099999999,"metanalysis","OPC1"
"345","GSM1607881",1.45070817115886,5,-0.0145757999999973,"metanalysis","OPC2"
"346","GSM1607887",0.732825934658443,2,0.207326400000003,"metanalysis","OPC1"
"347","GSM1607893",1.78651461682673,6,-0.0669081999999973,"metanalysis","OPC3"
"348","GSM1607899",0.903413352239297,3,0.0460890000000022,"metanalysis","OPC3"
"349","GSM1607900",1.92299512962595,6,0.291524400000003,"metanalysis","OPC1"
"350","GSM1607902",0.564773915511025,2,-0.00826159999999728,"metanalysis","OPC1"
"351","GSM1607903",1.51187228985698,5,0.131128200000003,"metanalysis","OPC2"
"352","GSM1607904",0.0762987802869594,0,0.392730800000001,"metanalysis","OPC2"
"353","GSM1607905",1.62245887353375,5,0.118165100000002,"metanalysis","OPC3"
"354","GSM1607910",0.714728006699058,2,-0.219142899999998,"metanalysis","OPC1"
"355","GSM1607913",0.755609275082042,3,0.201717400000002,"metanalysis","OPC2"
"356","GSM1607931",1.30691005082274,4,0.0808966000000027,"metanalysis","OPC2"
"357","GSM1607933",1.28277428046941,4,-0.0514254999999988,"metanalysis","OPC3"
"358","GSM1607941",1.64856867069254,5,-0.0639191999999973,"metanalysis","OPC3"
"359","GSM1607942",0.960077646268032,3,0.0694926000000027,"metanalysis","OPC2"
"360","GSM1607689",1.16557088890631,4,0.00937250000000245,"metanalysis","OPC2"
"361","GSM1607690",1.31626785733929,4,0.0897230000000028,"metanalysis","OPC3"
"362","GSM1607691",0.352684582549101,1,0.213466600000001,"metanalysis","OPC3"
"363","GSM1607700",1.00170503010221,3,0.0967238000000027,"metanalysis","OPC2"
"364","GSM1607703",0.409763701522159,1,0.263019000000002,"metanalysis","OPC2"
"365","GSM1607723",0.939009223648293,3,0.114482800000003,"metanalysis","OPC2"
"366","GSM1607724",0.714749455885666,2,0.173916400000003,"metanalysis","OPC2"
"367","GSM1607725",1.88281174086335,6,0.0427162000000027,"metanalysis","OPC2"
"368","GSM1607770",1.15789028675371,4,-0.0710515999999973,"metanalysis","OPC2"
"369","GSM1607819",1.32426592166474,4,0.216855600000002,"metanalysis","OPC2"
"370","GSM1607879",0.894649429295773,3,-0.0871197999999973,"metanalysis","OPC1"
"371","GSM1607914",0.956942027188518,3,-0.0490701999999985,"metanalysis","OPC2"
"372","GSM1607939",1.71750374957394,6,-0.145944199999998,"metanalysis","OPC2"
"373","X0205_AH.2.47_H_PHNH001",1.2560900489442,4,-0.0434977999999973,"metanalysis","OPC1"
"374","X0205_AH.2.48_H_PHNH005",1.4521910414138,5,0.236632200000002,"metanalysis","OPC1"
"375","X0205_AH.2.49_H_PHNH014",2.03259638982645,7,0.00638000000000272,"metanalysis","OPC1"
"376","X0205_AH.2.51_H_PHNH016",1.29245240026177,4,0.152180600000002,"metanalysis","OPC3"
"377","X0405_AH.2.73_H_M021T01",0.323987502297549,1,0.213466600000001,"metanalysis","OPC2"
"378","X0505_AH.2.97_H_M029T01",1.71252217963305,6,-0.0224291999999973,"metanalysis","OPC1"
"379","X1104_AH.2.11_H_W011T01",1.11151766052036,4,-0.00091789999999756,"metanalysis","OPC3"
"380","X1104_AH.2.13_H_W013T01",1.41960125669266,5,-0.0259953999999973,"metanalysis","OPC3"
"381","X1104_AH.2.15_H_W015T01",0.87709226996002,3,0.0382403000000019,"metanalysis","OPC2"
"382","X1104_AH.2.3_H_W003T01",1.99043105647811,7,-0.000623999999997295,"metanalysis","OPC3"
"383","X1204_AH.2.19_W019T01",1.40561698914847,5,-0.0267823999999973,"metanalysis","OPC2"
"384","X1204_AH.2.34_H_W034T01",1.04676468366993,3,-0.00826159999999728,"metanalysis","OPC2"
"385","X1204_AH.2.37_H_W037T01",0.765499285544314,3,0.0629686000000028,"metanalysis","OPC3"
"386","X4569632047_C",1.74362520703783,6,-0.0101369999999973,"metanalysis","OPC3"
"387","X4569632048_C",0.942746561784218,3,-0.0729113999999973,"metanalysis","OPC1"
"388","X4569632048_F",2.08655856362425,7,0.0373310000000028,"metanalysis","OPC1"
"389","X4569632039_A",0.904389665292009,3,0.122908300000001,"metanalysis","OPC1"
"390","X4569632039_F",1.35470431416456,5,0.0100026000000027,"metanalysis","OPC1"
"391","X4569632069_F",1.72891921297039,6,-0.168789899999998,"metanalysis","OPC3"
"392","X4569632066_F",1.48366620266629,5,0.0371532000000021,"metanalysis","OPC3"
"393","X4569632007_C",1.32639181844967,4,0.170777200000003,"metanalysis","OPC2"
"394","X4569632045_C",0.861463127188951,3,0.220522300000001,"metanalysis","OPC1"
"395","X4569632041_C",1.44887339284999,5,0.0900592000000028,"metanalysis","OPC3"
"396","X4569632043_F",1.93247179391643,6,-0.0338583999999973,"metanalysis","OPC1"
"397","X4569632062_A",1.43556533327426,5,-0.0685566999999976,"metanalysis","OPC1"
"398","X4569632063_B",1.01037699603874,3,0.0894976000000028,"metanalysis","OPC3"
"399","X4697141008_A",0.978963539767556,3,0.302177600000003,"metanalysis","OPC2"
"400","X4697141116_C",1.72741775034443,6,-0.0101369999999973,"metanalysis","OPC1"
"401","X4697141082_D",1.62713660303372,5,0.0599388000000027,"metanalysis","OPC3"
"402","X4697141082_F",0.984774312225597,3,-0.126162399999997,"metanalysis","OPC1"
"403","X4744955075_F",1.62675113934433,5,0.178179000000003,"metanalysis","OPC3"
"404","X4744955079_F",0.792792664034249,3,0.0312492000000004,"metanalysis","OPC1"
"405","X4697141007_E",0.723143194785571,2,-0.00826159999999728,"metanalysis","OPC1"
"406","X4697141093_A",2.18081377096934,7,-0.0353222999999976,"metanalysis","OPC1"
"407","X4697141053_D",0.969306112316896,3,0.513199800000003,"metanalysis","OPC2"
"408","X4697141054_C",1.32235031230948,4,-0.0237613999999978,"metanalysis","OPC3"
"409","X4697141054_F",1.07833066228306,4,0.517299200000003,"metanalysis","OPC2"
"410","X4697141067_B",1.85098030741435,6,-0.0200017999999973,"metanalysis","OPC1"
"411","X4744955080_E",1.36444223635304,5,-0.0472737999999973,"metanalysis","OPC2"
"412","X5051018004_A",1.59045937992301,5,-0.0928625999999985,"metanalysis","OPC3"
"413","X5051018005_D",0.781636967514433,3,0.212217600000002,"metanalysis","OPC3"
"414","X5051018005_E",0.665498077292321,2,-0.0233075999999985,"metanalysis","OPC2"
"415","X5051018037_E",-0.188887091903503,0,0.190411600000003,"metanalysis","OPC3"
"416","X5058818039_A",1.10831878215175,4,0.203592800000002,"metanalysis","OPC2"
"417","GSM73654",1.15824756767962,4,0.00491960000000216,"metanalysis","OPC3"
"418","GSM73681",1.0924565130815,4,0.131128200000003,"metanalysis","OPC3"
"419","GSM73682",1.06004375700843,4,0.109314200000002,"metanalysis","OPC2"
"420","GSM73683",2.15829027563778,7,-0.000623999999997295,"metanalysis","OPC3"
"421","GSM73684",0.927049260267564,3,-0.0711870999999981,"metanalysis","OPC3"
"422","GSM73685",0.915083930835464,3,0.213271500000003,"metanalysis","OPC2"
"423","GSM73686",1.94047423689928,6,-0.0709951999999973,"metanalysis","OPC1"
"424","GSM73687",1.03582682095697,3,-0.0641125999999979,"metanalysis","OPC1"
"425","GSM3029920",0.932510593718595,3,-0.0601431999999973,"metanalysis","OPC1"
"426","GSM3029921",1.1231181975732,4,-0.0924281999999979,"metanalysis","OPC2"
"427","GSM3029924",1.55507855764176,5,-0.0799873999999973,"metanalysis","OPC3"
"428","GSM3029925",1.16537773429077,4,0.338116700000002,"metanalysis","OPC1"
"429","GSM3029926",1.05422341450232,4,0.0964299000000024,"metanalysis","OPC3"
"430","GSM3029927",0.649612269858097,2,0.2452164,"metanalysis","OPC1"
"431","GSM3029928",1.26689398231012,4,0.0337804000000027,"metanalysis","OPC3"
"432","GSM3029929",1.58886389372854,5,0.0337804000000027,"metanalysis","OPC3"
"433","GSM3029930",1.34646954861243,4,0.0674106000000027,"metanalysis","OPC3"
"434","GSM3029932",1.78576744882889,6,0.0660016000000028,"metanalysis","OPC1"
"435","GSM3029934",0.464988584265502,2,-0.126162399999997,"metanalysis","OPC1"
"436","GSM3029935",1.54849634873733,5,0.281986900000002,"metanalysis","OPC2"
"437","GSM3029936",1.7346723952214,6,0.102576800000003,"metanalysis","OPC3"
"438","GSM3029938",1.08739931162351,4,0.160316400000003,"metanalysis","OPC1"
"439","GSM3029939",1.85462210851488,6,0.000194200000002709,"metanalysis","OPC1"
"440","GSM3029940",1.61017097000782,5,0.137893200000003,"metanalysis","OPC2"
"441","GSM3029941",1.64205685291064,5,0.0351194000000027,"metanalysis","OPC3"
"442","GSM3029942",0.485253359211642,2,-0.109760999999998,"metanalysis","OPC3"
"443","HNSCC1",0.910764947465209,3,-0.0562659999999973,"metanalysis","OPC1"
"444","HNSCC2",1.48086544099876,5,-0.0505037999999973,"metanalysis","OPC1"
"445","HNSCC3",0.357213555075756,1,0.237890900000001,"metanalysis","OPC2"
"446","HNSCC4",1.35146388505259,5,-0.0580237999999978,"metanalysis","OPC2"
"447","HNSCC5",1.14337192889821,4,0.0636070000000021,"metanalysis","OPC2"
"448","HNSCC6",1.88098659555517,6,0.0315688000000027,"metanalysis","OPC3"
"449","HNSCC7",0.828459451748135,3,-0.0243453999999973,"metanalysis","OPC3"
"450","HNSCC9",1.69130048270003,6,-0.0192555999999973,"metanalysis","OPC3"
"451","HNSCC10",2.30941166592451,8,0.0225766000000027,"metanalysis","OPC3"
"452","HNSCC11",1.87315101099714,6,-0.0505037999999973,"metanalysis","OPC3"
"453","HNSCC12",1.88904225064464,6,-0.0211153999999973,"metanalysis","OPC2"
"454","HNSCC13",1.78191280903981,6,-0.0637093999999973,"metanalysis","OPC1"
"455","HNSCC14",0.942702498894923,3,0.150988000000003,"metanalysis","OPC2"
"456","HNSCC15",0.887812765675826,3,0.199032800000001,"metanalysis","OPC2"
"457","HNSCC16",1.22967059333351,4,0.156991200000003,"metanalysis","OPC1"
"458","HNSCC17",1.94548672211293,6,0.0187150000000027,"metanalysis","OPC1"
"459","HNSCC18",1.23296447262019,4,0.00693780000000153,"metanalysis","OPC3"
"460","HNSCC19",1.67659045200452,6,-0.00335639999999728,"metanalysis","OPC3"
"461","HNSCC20",1.4282990831773,5,-0.0505037999999973,"metanalysis","OPC2"
"462","HNSCC21",2.04320407583555,7,-0.00335639999999728,"metanalysis","OPC1"
"463","HNSCC22",1.77572641202957,6,-0.00829659999999847,"metanalysis","OPC1"
"464","HNSCC23",0.0944232608358627,0,0.0101766000000021,"metanalysis","OPC3"
"465","HNSCC24",1.08676086780752,4,0.0502994000000027,"metanalysis","OPC1"
"466","HNSCC25",1.3319490523482,4,0.0900028000000028,"metanalysis","OPC3"
"467","HNSCC26",1.39139086489999,5,0.284193200000003,"metanalysis","OPC3"
"468","HNSCC27",0.586639539370739,2,0.295137,"metanalysis","OPC3"
"469","HNSCC28",0.972552255207145,3,-0.175315399999997,"metanalysis","OPC1"
"470","HNSCC29",1.58839341560556,5,0.370789400000003,"metanalysis","OPC1"
"471","HNSCC30",1.74332409043227,6,0.0302550000000027,"metanalysis","OPC1"
"472","HNSCC31",1.26818381682755,4,0.0377410000000027,"metanalysis","OPC2"
"473","HNSCC32",1.59220064318994,5,0.00519780000000279,"metanalysis","OPC1"
"474","HNSCC34",0.420977676240975,1,0.0149234000000027,"metanalysis","OPC3"
"475","HNSCC35",1.5732769886237,5,-0.0687835999999973,"metanalysis","OPC1"
"476","HNSCC36",1.10906631108451,4,0.0529633000000024,"metanalysis","OPC3"
"477","HNSCC37",1.49835145296223,5,-0.0259953999999973,"metanalysis","OPC3"
"478","HNSCC38",0.66275973545192,2,0.0717951000000025,"metanalysis","OPC2"
"479","HNSCC40",1.4464053887963,5,0.0367978000000028,"metanalysis","OPC1"
"480","HNSCC41",0.59820124731344,2,0.230974100000002,"metanalysis","OPC2"
"481","HNSCC42",0.946385883768607,3,0.144509500000002,"metanalysis","OPC3"
"482","HNSCC43",1.6244544569972,5,-0.0101369999999973,"metanalysis","OPC3"
"483","HNSCC44",1.90800351993677,6,-0.0318653999999978,"metanalysis","OPC1"
"484","HNSCC45",1.5970301805724,5,-0.100198999999997,"metanalysis","OPC1"
"485","HNSCC46",0.146679153933087,0,0.188554100000002,"metanalysis","OPC2"
"486","HNSCC47",0.70571182389003,2,-0.0253846999999982,"metanalysis","OPC2"
"487","HNSCC48",0.841859411790965,3,0.0315688000000027,"metanalysis","OPC3"
"488","HNSCC49",1.33067114229292,4,0.149112600000003,"metanalysis","OPC1"
"489","HNSCC50",1.1299849927793,4,0.0777735000000024,"metanalysis","OPC1"
"490","GSM3316389",1.26793677132387,4,0.375194900000002,"metanalysis","OPC1"
"491","GSM3316390",1.59082841315874,5,0.00749560000000271,"metanalysis","OPC3"
"492","GSM3316391",-0.425528003325166,0,0.444689400000001,"metanalysis","OPC1"
"493","GSM3316392",1.26636825865646,4,0.193893700000002,"metanalysis","OPC2"
"494","GSM3316393",1.05039209014437,4,-0.143585199999997,"metanalysis","OPC1"
"495","GSM3316394",0.876635327161613,3,0.140641200000003,"metanalysis","OPC2"
"496","GSM3316397",1.6571518990234,6,0.103476700000002,"metanalysis","OPC2"
"497","GSM3316399",1.37180507026046,5,-0.0101369999999973,"metanalysis","OPC3"
"498","GSM3316401",0.698392234426825,2,-0.0759159999999972,"metanalysis","OPC1"
"499","GSM3316413",1.68339668788868,6,-0.0409907999999973,"metanalysis","OPC1"
"500","GSM3316418",1.41402989307229,5,-0.0101369999999973,"metanalysis","OPC2"
"501","GSM3316419",1.2945242244105,4,0.00294220000000271,"metanalysis","OPC3"
"502","GSM3316422",1.10211325723495,4,0.0502994000000027,"metanalysis","OPC1"
"503","GSM3316424",1.75037881007063,6,-0.0633983999999973,"metanalysis","OPC3"
"504","GSM3316426",0.965918034126528,3,-0.0780605999999991,"metanalysis","OPC3"
"505","GSM3316432",2.27993714868735,8,-0.0379861999999973,"metanalysis","OPC3"
"506","GSM3316438",1.87339430591149,6,0.0887908000000027,"metanalysis","OPC3"
"507","GSM3316442",0.767138477418096,3,0.0169572000000022,"metanalysis","OPC3"
"508","GSM3316446",1.35722279274924,5,-0.0505037999999973,"metanalysis","OPC1"
"509","GSM3316447",1.47199587340153,5,0.187635600000003,"metanalysis","OPC1"
"510","GSM3316462",1.52882800053731,5,0.537220100000003,"metanalysis","OPC3"
"511","GSM3316463",0.513048341294951,2,0.321685800000001,"metanalysis","OPC2"
"512","GSM3316465",1.79952197040828,6,0.0225766000000027,"metanalysis","OPC3"
"513","NO302",1.70189378366575,6,0.130451200000003,"metanalysis","OPC2"
"514","NO303",1.46088961648419,5,0.0573769000000025,"metanalysis","OPC3"
"515","NO305",0.589836056597575,2,0.405391200000003,"metanalysis","OPC1"
"516","NO306",1.5629215646928,5,0.0195632000000022,"metanalysis","OPC1"
"517","NO307",1.04971204117861,3,0.0505278000000021,"metanalysis","OPC3"
"518","NO312",0.382013638258275,1,-0.110890999999997,"metanalysis","OPC1"
"519","VC200",1.95993422096013,7,-0.241214299999998,"metanalysis","OPC1"
"520","VC205",1.06863055411253,4,-0.0200017999999973,"metanalysis","OPC2"
"521","VC207",0.775384811900314,3,0.111568100000002,"metanalysis","OPC2"
"522","VC208",1.76029228804885,6,0.0795732000000027,"metanalysis","OPC2"
"523","VC210",1.26599522686153,4,0.00294220000000271,"metanalysis","OPC2"
"524","VC212",1.7838842308579,6,-0.0966327999999973,"metanalysis","OPC2"
"525","VC213",1.18389244230565,4,0.00817630000000183,"metanalysis","OPC3"
"526","UPHN20A",1.37631130383921,5,0.236035800000003,"metanalysis","OPC1"
"527","UPHN21A",1.42188455193173,5,0.0795732000000027,"metanalysis","OPC3"
"528","UPHN22A",1.79471065750449,6,-0.0996871999999973,"metanalysis","OPC1"
"529","UPHN23A",1.3304401837607,4,-0.0667668999999975,"metanalysis","OPC1"
"530","UPHN27A",1.08019210261249,4,-0.00091789999999756,"metanalysis","OPC3"
"531","UPHN29A",2.13016306013272,7,-0.169998799999998,"metanalysis","OPC1"
"532","UPHN2A",1.47071803512365,5,0.0539764000000027,"metanalysis","OPC2"
"533","UPHN4A",0.105963285279713,0,0.183244200000002,"metanalysis","OPC2"
"534","UPHN5A",1.37553185775994,5,0.00294220000000271,"metanalysis","OPC2"
"535","UPHN7A",0.849841929306539,3,0.133415000000003,"metanalysis","OPC3"
"536","X9965280069_A.AVG",1.42242517680009,5,-0.0101369999999973,"metanalysis","OPC1"
"537","X9965280069_F.AVG",1.08888154024438,4,-0.218763399999998,"metanalysis","OPC3"
"538","X9965280069_H.AVG",0.84674970656221,3,0.140641200000003,"metanalysis","OPC1"
"539","X9965280069_K.AVG",1.38937966836491,5,-0.0562659999999973,"metanalysis","OPC2"
"540","X9965280081_A.AVG",0.749177833711171,2,0.0225766000000027,"metanalysis","OPC3"
"541","X9965280081_C.AVG",1.59249598235955,5,0.479981000000003,"metanalysis","OPC3"
"542","X9965280081_F.AVG",1.62415718376725,5,0.151324200000003,"metanalysis","OPC1"
"543","X9965280081_H.AVG",1.50762470431856,5,0.100124200000003,"metanalysis","OPC3"
"544","X9965280081_I.AVG",1.39888255610385,5,0.00263270000000246,"metanalysis","OPC1"
"545","X9965280081_J.AVG",1.33178807103029,4,0.461952600000003,"metanalysis","OPC3"
"546","X9965280081_K.AVG",1.04096767514184,3,-0.0101369999999973,"metanalysis","OPC1"
"547","X9965280081_L.AVG",1.57772539568645,5,-0.0197763999999973,"metanalysis","OPC3"
"548","X9965280097_A.AVG",1.537247349196,5,0.0502994000000027,"metanalysis","OPC2"
"549","X9965280097_B.AVG",1.57153588001886,5,0.254468600000003,"metanalysis","OPC1"
"550","X9965280097_C.AVG",1.03970344047677,3,0.3299488,"metanalysis","OPC1"
"551","X9965280097_D.AVG",1.6669942916638,6,-0.0338583999999973,"metanalysis","OPC2"
"552","X9965280097_G.AVG",0.583027408173733,2,0.280106200000003,"metanalysis","OPC2"
"553","X9965280097_K.AVG",0.955013108388191,3,0.119924400000003,"metanalysis","OPC1"
