NAME	GS<br> follow link to MSigDB	GS DETAILS	SIZE	ES	NES	NOM p-val	FDR q-val	FWER p-val	RANK AT MAX	LEADING EDGE	
HALLMARK_INTERFERON_GAMMA_RESPONSE	HALLMARK_INTERFERON_GAMMA_RESPONSE	Details ...	144	0.5568532	1.8814293	0.0	0.0	0.0	1897	tags=51%, list=26%, signal=68%	
HALLMARK_COMPLEMENT	HALLMARK_COMPLEMENT	Details ...	160	0.54459715	1.851006	0.0	0.0	0.0	1513	tags=41%, list=21%, signal=51%	
HALLMARK_INTERFERON_ALPHA_RESPONSE	HALLMARK_INTERFERON_ALPHA_RESPONSE	Details ...	59	0.5937119	1.8171183	0.0	2.1088435E-4	0.001	1209	tags=44%, list=16%, signal=52%	
HALLMARK_IL6_JAK_STAT3_SIGNALING	HALLMARK_IL6_JAK_STAT3_SIGNALING	Details ...	82	0.5244778	1.6920022	0.0	0.0028078125	0.017	1577	tags=40%, list=21%, signal=51%	
HALLMARK_ALLOGRAFT_REJECTION	HALLMARK_ALLOGRAFT_REJECTION	Details ...	175	0.4927196	1.6917756	0.0	0.0022462502	0.017	2046	tags=49%, list=28%, signal=66%	
HALLMARK_KRAS_SIGNALING_UP	HALLMARK_KRAS_SIGNALING_UP	Details ...	146	0.4782644	1.615981	0.0	0.0052672727	0.047	1573	tags=37%, list=21%, signal=46%	
HALLMARK_TNFA_SIGNALING_VIA_NFKB	HALLMARK_TNFA_SIGNALING_VIA_NFKB	Details ...	162	0.44302344	1.5051538	0.0010224949	0.025095182	0.229	1607	tags=39%, list=22%, signal=49%	
HALLMARK_PROTEIN_SECRETION	HALLMARK_PROTEIN_SECRETION	Details ...	81	0.47078034	1.5008231	0.009687836	0.023640504	0.244	1663	tags=37%, list=23%, signal=47%	
HALLMARK_P53_PATHWAY	HALLMARK_P53_PATHWAY	Details ...	144	0.4339996	1.4661342	0.0010224949	0.032594003	0.358	1586	tags=33%, list=22%, signal=41%	
HALLMARK_INFLAMMATORY_RESPONSE	HALLMARK_INFLAMMATORY_RESPONSE	Details ...	186	0.39899325	1.3694174	0.009183673	0.089160025	0.763	1756	tags=35%, list=24%, signal=45%	
HALLMARK_KRAS_SIGNALING_DN	HALLMARK_KRAS_SIGNALING_DN	Details ...	147	0.40295312	1.3643794	0.006204757	0.08525668	0.777	2224	tags=35%, list=30%, signal=49%	
HALLMARK_APOPTOSIS	HALLMARK_APOPTOSIS	Details ...	136	0.3975005	1.3305268	0.023565574	0.113074824	0.876	1246	tags=29%, list=17%, signal=35%	
HALLMARK_COAGULATION	HALLMARK_COAGULATION	Details ...	123	0.3807094	1.2737482	0.06400839	0.18594314	0.979	1625	tags=26%, list=22%, signal=33%	
HALLMARK_ANGIOGENESIS	HALLMARK_ANGIOGENESIS	Details ...	32	0.44857854	1.2626854	0.15476191	0.19208865	0.984	383	tags=19%, list=5%, signal=20%	
HALLMARK_ESTROGEN_RESPONSE_EARLY	HALLMARK_ESTROGEN_RESPONSE_EARLY	Details ...	145	0.37421012	1.251164	0.06481481	0.20049717	0.99	1384	tags=29%, list=19%, signal=35%	
HALLMARK_ESTROGEN_RESPONSE_LATE	HALLMARK_ESTROGEN_RESPONSE_LATE	Details ...	181	0.35963428	1.2293684	0.078331634	0.22642788	0.995	2166	tags=40%, list=30%, signal=56%	
HALLMARK_PEROXISOME	HALLMARK_PEROXISOME	Details ...	79	0.38146842	1.2253935	0.14574468	0.22025695	0.995	1768	tags=38%, list=24%, signal=49%	
HALLMARK_SPERMATOGENESIS	HALLMARK_SPERMATOGENESIS	Details ...	93	0.37330008	1.2170415	0.15277778	0.22339031	0.997	1107	tags=14%, list=15%, signal=16%	
HALLMARK_UV_RESPONSE_UP	HALLMARK_UV_RESPONSE_UP	Details ...	130	0.34410375	1.1635555	0.18607068	0.32173213	1.0	1281	tags=23%, list=17%, signal=27%	
HALLMARK_FATTY_ACID_METABOLISM	HALLMARK_FATTY_ACID_METABOLISM	Details ...	111	0.3465277	1.1532782	0.20969442	0.32791835	1.0	1992	tags=39%, list=27%, signal=52%	
HALLMARK_BILE_ACID_METABOLISM	HALLMARK_BILE_ACID_METABOLISM		86	0.3516999	1.1438109	0.24390244	0.33310065	1.0	1731	tags=30%, list=24%, signal=39%	
HALLMARK_IL2_STAT5_SIGNALING	HALLMARK_IL2_STAT5_SIGNALING		137	0.31485862	1.0712768	0.36567926	0.49362385	1.0	2255	tags=35%, list=31%, signal=50%	
HALLMARK_HEME_METABOLISM	HALLMARK_HEME_METABOLISM		138	0.30783355	1.0453801	0.39009288	0.54055285	1.0	1858	tags=28%, list=25%, signal=36%	
HALLMARK_ADIPOGENESIS	HALLMARK_ADIPOGENESIS		127	0.30941325	1.0334793	0.42411643	0.5485142	1.0	1910	tags=30%, list=26%, signal=40%	
HALLMARK_PI3K_AKT_MTOR_SIGNALING	HALLMARK_PI3K_AKT_MTOR_SIGNALING		82	0.3136104	1.0061073	0.4527897	0.5938884	1.0	1147	tags=22%, list=16%, signal=26%	
HALLMARK_ANDROGEN_RESPONSE	HALLMARK_ANDROGEN_RESPONSE		72	0.29950306	0.9498001	0.5720524	0.70963395	1.0	1629	tags=29%, list=22%, signal=37%	
HALLMARK_XENOBIOTIC_METABOLISM	HALLMARK_XENOBIOTIC_METABOLISM		157	0.27097926	0.9205002	0.69325155	0.7493195	1.0	2337	tags=34%, list=32%, signal=48%	
HALLMARK_MITOTIC_SPINDLE	HALLMARK_MITOTIC_SPINDLE		126	0.26055235	0.86734056	0.7745605	0.8274055	1.0	1810	tags=31%, list=25%, signal=40%	
HALLMARK_OXIDATIVE_PHOSPHORYLATION	HALLMARK_OXIDATIVE_PHOSPHORYLATION		151	0.25030974	0.846247	0.8022657	0.8349235	1.0	2162	tags=30%, list=29%, signal=41%	
HALLMARK_DNA_REPAIR	HALLMARK_DNA_REPAIR		111	0.23006941	0.75278205	0.9127234	0.93233055	1.0	2510	tags=40%, list=34%, signal=59%	
HALLMARK_APICAL_SURFACE	HALLMARK_APICAL_SURFACE		27	0.26163507	0.7160973	0.8455882	0.9336473	1.0	2652	tags=41%, list=36%, signal=64%	
